{"min": [-0.419938, -0.54248, -0.623592], "max": [0.418091, 0.667525, 0.697311]}