{"min": [-0.972144, -0.631522, -0.740037], "max": [1.013014, 0.829192, 0.752435]}